TDSFU Daily run: Mon Oct 27 17:17:34 UTC 2025 TDSFU
TDSFU Daily run: Tue Oct 28 04:34:00 UTC 2025 TDSFU
TDSFU Daily run: Wed Oct 29 04:37:36 UTC 2025 TDSFU
TDSFU Daily run: Thu Oct 30 04:33:34 UTC 2025 TDSFU
TDSFU Daily run: Fri Oct 31 04:34:51 UTC 2025 TDSFU
TDSFU Daily run: Sat Nov  1 04:30:57 UTC 2025 TDSFU
TDSFU Daily run: Sun Nov  2 04:33:31 UTC 2025 TDSFU
TDSFU Daily run: Mon Nov  3 04:38:11 UTC 2025 TDSFU
TDSFU Daily run: Tue Nov  4 04:33:37 UTC 2025 TDSFU
TDSFU Daily run: Wed Nov  5 04:34:15 UTC 2025 TDSFU
